Workbook

Sheet cargar_articulos
A1: 📦 CARGADOR DE ARTÍCULOS
A2: Instrucciones: Haz clic en la columna "Buscar y Seleccionar Artículo" para abrir la lista y elegir. El ID Artículo se auto-completará. Ingresa Cantidad y Costo.
A3: Buscar y Seleccionar Artículo * | B3: ID Artículo (Fórmula) | C3: Cantidad * | D3: Costo Unitario *
B4: =IFERROR(VLOOKUP(A4, referencia_articulos!$B$2:$C$2001, 2, FALSE), "")
B5: =IFERROR(VLOOKUP(A5, referencia_articulos!$B$2:$C$2001, 2, FALSE), "")
B6: =IFERROR(VLOOKUP(A6, referencia_articulos!$B$2:$C$2001, 2, FALSE), "")
B7: =IFERROR(VLOOKUP(A7, referencia_articulos!$B$2:$C$2001, 2, FALSE), "")
B8: =IFERROR(VLOOKUP(A8, referencia_articulos!$B$2:$C$2001, 2, FALSE), "")
B9: =IFERROR(VLOOKUP(A9, referencia_articulos!$B$2:$C$2001, 2, FALSE), "")
B10: =IFERROR(VLOOKUP(A10, referencia_articulos!$B$2:$C$2001, 2, FALSE), "")
B11: =IFERROR(VLOOKUP(A11, referencia_articulos!$B$2:$C$2001, 2, FALSE), "")
B12: =IFERROR(VLOOKUP(A12, referencia_articulos!$B$2:$C$2001, 2, FALSE), "")
B13: =IFERROR(VLOOKUP(A13, referencia_articulos!$B$2:$C$2001, 2, FALSE), "")
B14: =IFERROR(VLOOKUP(A14, referencia_articulos!$B$2:$C$2001, 2, FALSE), "")
B15: =IFERROR(VLOOKUP(A15, referencia_articulos!$B$2:$C$2001, 2, FALSE), "")
... B203: =IFERROR(VLOOKUP(A203, referencia_articulos!$B$2:$C$2001, 2, FALSE), "")
A205: LÍNEAS A CARGAR: | C205: =COUNTIF(B4:B203, ">0")

Sheet referencia_articulos
A1: ID | B1: Código - Descripción | C1: ID_Articulo
A2: 4562 | B2: 015705080kaa00004 - 015705080kaa00004 | C2: 4562
A3: 4544 | B3: 015708045KAW21031 - 015708045KAW21031 | C3: 4544
A4: 4561 | B4: 015709080CAA00009 - 015709080CAA00009 | C4: 4561
A5: 4538 | B5: 015710040QBA00001 - 015710040QBA00001 | C5: 4538
A6: 4568 | B6: 015710058QBA00001 - 015710058QBA00001 | C6: 4568
A7: 4638 | B7: 015711040QAD00001 - 015711040QAD00001 | C7: 4638
A8: 4636 | B8: 015711040QAD00002 - 015711040QAD00002 | C8: 4636
A9: 4637 | B9: 015711040QAD30000 - 015711040QAD30000 | C9: 4637
A10: 4635 | B10: 015711040QAD40000 - 015711040QAD40000 | C10: 4635
A11: 4554 | B11: 015711048QAD01003 - 015711048QAD01003 | C11: 4554
A12: 4649 | B12: 015711048QAD04001 - 015711048QAD04001 | C12: 4649
A13: 4518 | B13: 015712022CAA00010 - 015712022CAA00010 | C13: 4518
... A2001: 1666 | B2001: LLANT:ADV:ADV23.1-30N - 23.1-30 TUBE | C2001: 1666
